{
  "Grand Theft Auto V": "A vast open-world action-adventure game set in the fictional city of Los Santos. Players can explore the detailed environment, engage in heists, and experience the story of three intertwined protagonists.",
  "The Witcher 3: Wild Hunt": "An epic fantasy role-playing game set in a vast, open-world environment. Players take on the role of Geralt of Rivia, a skilled monster hunter, as he navigates a complex narrative and battles a variety of dangerous creatures.",
  "Minecraft": "A sandbox game that allows players to build, explore, and survive in a procedurally generated world made of blocks. Players can gather resources, craft tools, and construct elaborate structures, alone or with others.",
  "Elden Ring": "A challenging action role-playing game set in the Lands Between, a dark fantasy world created by Hidetaka Miyazaki and George R.R. Martin. Players embark on a journey to uncover the secrets of the Elden Ring and confront powerful foes.",
  "Overwatch": "A team-based first-person shooter where players choose from a diverse roster of heroes, each with unique abilities and playstyles. Teams work together to complete objectives and defeat their opponents in fast-paced, objective-based matches."
}